C1,Timmie,Beric,Male,11/02/2019,6133278360,tberic0@abc.net.au,tberic0,CCACuwXIoNLi,4 Clove Pass,Salinas
C2,Kennie,Plummer,Male,01/10/2019,5773565204,kplummer1@huffingtonpost.com,kplummer1,GI7VOTE,6060 Canary Center,Vũ Thư
C3,Mora,Gollin,Female,17/06/2019,4887745857,mgollin2@deliciousdays.com,mgollin2,clE8pq,16 Gerald Junction,Reshetnikovo
C4,Abbie,Filipychev,Female,05/11/2019,9246810185,afilipychev3@wiley.com,afilipychev3,9r19kQKX9H5,1040 Melrose Lane,Alburitel
C5,Reid,Hue,Male,10/07/2019,1869732945,rhue4@google.com,rhue4,44SDQxyT,3795 Ohio Street,Baraguá
C6,Shurlocke,Izen,Male,04/06/2019,8479683436,sizen5@desdev.cn,sizen5,1EjeWNc3rZz,27040 Logan Circle,Bang Kruai
C7,Marielle,Woollhead,Female,15/05/2019,1438342507,mwoollhead6@wunderground.com,mwoollhead6,6xgTldWzP,7234 Thierer Lane,Real
C8,Maddalena,Isbell,Female,09/06/2019,8407635251,misbell7@symantec.com,misbell7,LiJVyG,726 Susan Road,Murça
C9,Dalia,Nornable,Female,07/04/2019,4899423837,dnornable8@patch.com,dnornable8,8E9geLqngSil,93832 Bultman Pass,Sibaté
C10,Pete,Whitman,Male,04/09/2019,7048087016,pwhitman9@yelp.com,pwhitman9,nglMpaLlkJE,312 Lotheville Park,Charlotte
C11,Roze,Durden,Female,19/07/2019,5175529211,rdurdena@acquirethisname.com,rdurdena,GgXtL9YGmsO,5490 Eagan Alley,Dayr Abū Ḑa‘īf
C12,Leena,Pegrum,Female,26/09/2019,2088427625,lpegrumb@spiegel.de,lpegrumb,GZait04ZCTW,4 Warbler Alley,Lučina
C13,Jabez,Whettleton,Male,06/07/2019,7255465395,jwhettletonc@merriam-webster.com,jwhettletonc,asALHY5uEYg,4 Golf Course Terrace,Mykonos
C14,Teresa,Sketcher,Female,30/10/2019,1643267149,tsketcherd@booking.com,tsketcherd,rRUgO1UyYwQQ,870 Cardinal Alley,Leifeng
C15,Clemmie,Acarson,Male,23/10/2019,1325559750,cacarsone@dedecms.com,cacarsone,A24GMCNWo,64413 Welch Terrace,Cemplang
