1,Meggi,Middleditch,Female,04/10/2019,2125439783,mmiddleditch0@statcounter.com,mmiddleditch0,TBKmOykBeUn2,A7655-4316-2785,false,7291.0
2,Deanna,Sumpner,Female,24/12/2019,1061814521,dsumpner1@furl.net,dsumpner1,pUeVIHaU3,Y4383-1902-2979,true,5354.0
3,Bobbie,Pietrasik,Male,03/04/2019,4568408876,bpietrasik2@eepurl.com,bpietrasik2,ruXU62d1b,H7172-7320-7780,false,7634.0
4,Micky,Tomaschke,Female,16/01/2020,1096408824,mtomaschke3@dyndns.org,mtomaschke3,1eHnE4SS8Cq,R8152-5299-3896,false,7743.0
5,Kaylyn,Hall,Female,03/10/2019,9698903402,khall4@elegantthemes.com,khall4,vYF8XTeOImH,A3739-2181-1190,false,6531.0
6,Chariot,Dionisio,Male,03/03/2019,5551489261,cdionisio5@csmonitor.com,cdionisio5,AcemSNM,C1877-8749-6448,true,7459.0
7,Darrell,Elloit,Male,26/06/2019,3259167184,delloit6@fema.gov,delloit6,8YBRWh1abq,S2031-8596-7632,false,8773.0
8,Kippie,Tantum,Male,23/03/2019,7344407662,ktantum7@usnews.com,ktantum7,Ai6f6GBl,H3046-1735-0743,false,8582.0
9,Florry,Wellington,Female,18/08/2019,4181221686,fwellington8@stanford.edu,fwellington8,jWQcIKHifI,U9055-0513-9784,false,8618.0
10,Etienne,Zambon,Male,22/01/2020,6331869111,ezambon9@aboutads.info,ezambon9,yMJEQggTbM,E4595-0398-2973,true,6258.0
11,Heather,Andrichuk,Female,08/11/2019,9924849112,handrichuka@umn.edu,handrichuka,uO76M19kV1,K8677-3110-1254,true,9135.0
12,Celene,Clampe,Female,23/11/2019,9779966401,cclampeb@phoca.cz,cclampeb,UfcMkG3CRHGd,P5317-4722-7140,true,6587.0
13,Lydia,Bulfoot,Female,22/01/2020,6195867202,lbulfootc@sina.com.cn,lbulfootc,rYfrab9e6GF,Y0607-7539-2949,true,6164.0
14,Giusto,Mowsley,Male,22/12/2019,8327636199,gmowsleyd@princeton.edu,gmowsleyd,lR7zOS0,V8657-0217-5894,true,8061.0
15,Coraline,Ing,Female,26/02/2019,9364591689,cinge@constantcontact.com,cinge,AQ2v5eFXi,Q0795-5333-2693,true,9882.0
