1,Spencer,Schultz,Male,26/08/2019,3129626393,sschultz0@theatlantic.com,sschultz0,Pj2odIj62A,Fadeo,1542944751,pen.io
2,Mariann,Plaice,Female,13/12/2019,6409529214,mplaice1@aol.com,mplaice1,0hwMJyT,Eire,5908951657,purevolume.com
3,Nana,Senescall,Female,25/04/2019,7025415585,nsenescall2@flickr.com,nsenescall2,He0XdsSyAv,Jabbersphere,7564420408,adobe.com
4,Raleigh,Iban,Male,22/12/2019,8249984688,riban3@google.pl,riban3,w0bKAAOl,Linklinks,4117101809,yellowbook.com
5,Rutger,Keddey,Male,16/02/2019,8656526663,rkeddey4@last.fm,rkeddey4,sYyYHAR,Skajo,7881143417,123-reg.co.uk
6,Arlen,Pannett,Male,19/06/2019,7655719647,apannett5@de.vu,apannett5,UrWUdHgkwakl,Edgeclub,1589519937,desdev.cn
7,Parker,Brady,Male,11/01/2020,7105477006,pbrady6@naver.com,pbrady6,IJNPgwdO,Kwideo,2637594486,symantec.com
8,Nico,Dexter,Male,31/10/2019,9184773907,ndexter7@hud.gov,ndexter7,L6xcM7EQ,Jabbersphere,6338995017,skyrock.com
9,Coop,McCreadie,Male,16/02/2019,9737736906,cmccreadie8@example.com,cmccreadie8,d1CJAHDB,Riffpedia,8375672198,webeden.co.uk
10,Shaw,Grassin,Male,11/02/2019,9092299729,sgrassin9@mlb.com,sgrassin9,16RhzkVan,Realcube,3886677067,virginia.edu
11,Emmi,Incogna,Female,31/03/2019,3743058764,eincognaa@wisc.edu,eincognaa,kkdNKy1BOjvn,Mita,8199997902,tripod.com
12,Lammond,Karlolak,Male,02/07/2019,3114819122,lkarlolakb@cbc.ca,lkarlolakb,LiQ5Ca6,Eimbee,2637395748,newyorker.com
13,Adelina,Lasham,Female,04/08/2019,2971524520,alashamc@geocities.com,alashamc,A8OlfNc,Camimbo,9375539148,ox.ac.uk
14,Deirdre,Trigwell,Female,19/11/2019,1316240552,dtrigwelld@instagram.com,dtrigwelld,0BbER9i8,Dablist,4204421543,skype.com
15,Lyda,Daysh,Female,18/02/2019,3165911747,ldayshe@harvard.edu,ldayshe,L24hfgpT,Realcube,2446563586,miitbeian.gov.cn
